{
    "loss": 0.2941037118434906,
    "accuracy": 0.8779138922691345
}